keyword,GUID,Description,Tags,Article,Category
Famegmunkálás ,1,Érdekli a famegmunkálás? Ezek a tippek elindíthatják! ,"Legjobb famegmunkálás  ,Faipari  , Famegmunkálás ","Kérdése van? Csatlakozzon a WoodTalk Facebook-csoporthoz. <| Endoftext |> Beteg ugyanolyan régi, ugyanolyan régi, és főleg, ha a kedvenc játékáról van szó? Nos, a jó hír az, hogy all-inen átmehetsz, amire vágysz, és ami boldoggá tesz téged a játékkal. Más szavakkal, nem ragad ugyanaz a játék, amelyet az elmúlt 10 évben játszott. Íme 5 módszer a ""javítás"" megszerzésére.

5. Ne féljen kapcsolót vásárolni

Vallomást kell tennem: soha nem tudtam, hogy a Nintendo konzoltársaság. Inkább PC-s játékos voltam, és most, hogy birtokolom a Switchet, valójában inkább konzolos játékos vagyok. Szeretem a rendszer hordozhatóságát és azt, hogy rengeteg játék közül választhat. De számomra a kapcsolónak csak akkor volt értelme, amíg nem volt alkalmam megnézni, milyen is ez a cselekvés során.

Amióta kb. Az elmúlt héten használtam a Switchemet, a legtöbbet tudtam kihozni a tulajdonomban lévő játékok közül. Szeretek játszani barátaimmal a Wii U vagy a Vita kanapén. Olyan játékokat is játszottam, mint a Fire Emblem Heroes, a The Binding of Isaac és a The Legend of Zelda: Breath of the Wild, és nagyon lenyűgöztek ezek a játékok. (Ha még soha nem játszott ilyen játékokat, akkor arra kérem Önt, hogy engedjen nekik.)

Valójában, ha nem vagy meggyőződve arról, hogy a Nintendo egy nagy, gazdag, konzolos vállalat, kihívom, hogy próbáld meg megmagyarázni, miért érik el 1,3 milliárd dollárt, miért adott el több mint 200 000 példányt a Mario Kart 8 Deluxe, vagy miért Az indulás óta több mint 10 millió Splatoon példányt adtak el. <img src=https://images.unsplash.com/photo-1561458338-60c444223320?ixlib=rb-1.2.1&auto=format&fit=crop&w=975&q=80
>
Természetesen nem azt állítom, hogy csak az ára miatt kellene elkezdenie vásárolnia a Switch játékokat - a játék minősége és a játék tartalma alapján is vásároljon játékokat. De mindenképpen rendelkezned kell egy Switch-rel, mert abszolút szereted a rendszert.

4. Adj egy kicsit vissza a közösségnek

Mindannyian láthattuk azokat a videókat, amelyeken a Nintendo rajongói megpróbálják megszerezni a kezüket egy ritka Metroidon vagy a ritka Pokemonon, amely egy gyűjtői cikkhez tartozik. És mindannyian ismerjük a ""nindieket"" - független fejlesztőket, akik keményen dolgoztak azért, hogy munkájukat tömegekbe vigyék.

De néha a közösség meghaladja ezt. Például az emberek jártak kongresszusokra, hogy új információkat szerezzenek a játszani kívánt játékokról. Láttam, hogy az emberek hoznak nekik ételeket, italokat, vizet és még Nintendo-cikkeket is. És tudod mit? Néha átjön a közösség. Néha a Nintendo korlátozott kiadású játékokat ad ki.

Ha részt akar venni az ilyen jellegű eseményekben, látogasson el ide: https://www.facebook.com/events/1688154909123345/

3. Adja vissza a közösségnek

Tudom, hogy szereted, amit csinálsz, és támogatni akarod ezeket a fejlesztőket, de valószínűleg szükséged van még egy kis ösztönzőre. Tehát kihívom, hogy adja vissza a közösségnek. Például gyakran vannak olyan események, mint a Nintendo Treehouse Live at E3, amelyek izgalmas ajándékokkal szolgálnak, például új játékok!

Ezen játékok közül is vásárolhat néhányat, sőt oda is adhatja őket egy választott jótékonysági szervezetnek - nagy rajongója vagyok a Make-A-Wish Foundation-nak. (Nem azt mondom, hogy oda kell adnia nekik a pénzét, de mindenképpen fontolóra kell vennie valamit a kedvenc jótékonysági tevékenységének támogatására.)

2. Ne féljen a kezét beszennyezni
 <img src=https://images.unsplash.com/photo-1531824475211-72594993ce2a?ixlib=rb-1.2.1&auto=format&fit=crop&w=1950&q=80
>Gondolod, hogy a játékok egy nagy, szép, jól megtervezett és nagyon csiszolt játékról szólnak? Tévedsz. Igen, a játékokban lehetnek ilyen dolgok, de a legjobb játékok azok, amelyek arra késztetnek, hogy egy lépéssel hátrébb lépjen, és megnézze, mit csinál.

Szeretnél játékot készíteni? Tervezni akarsz egyet? Szeretnél játszani egyet? Szeretne létrehozni egyet? Nos, most nem kell tervezőnek lenned. Meg tudod csinálni.

Rengeteg tennivaló van a Nintendo Switch-en és környékén, amelyek elősegítik játékainak jobbá tételét, és mindezek a dolgok szórakoztatóak, és segíthetnek abban, hogy ezt a további lendületet egy jobb játék elkészítéséhez és a kedvenc indie stúdiók támogatásához támogassák.

1. Olvasni és írni

Ez megfelel az utolsó tippnek, de annyira fontos, hogy csak el kell mondanom. Az olvasás és az írás kulcsfontosságú része annak, amit csinálok, de még fontosabbnak találtam, amikor játékokat fejlesztesz.

Megállapítottam, hogy sokan nem tudják, hogyan kell megfelelően kódolni és írni a játékokat, és itt fogsz igazán megtanulni ","A legjobb famegmunkálási ötletek, Wood "
